book_slug,book_title,page_name,view_path,source_url,local_path
zibu-and-zizo,Zibu and Zizo,zibu-and-zizo_en_page1,zibu-and-zizo/ebook/en_english/images/zibu-and-zizo_en_page1.jpg,https://bookdash.org/book-source-files/?view-file=zibu-and-zizo/ebook/en_english/images/zibu-and-zizo_en_page1.jpg,/root/autodl-tmp/story-layout-quality/experiment/results/bookdash_stress/original_pages/zibu-and-zizo_zibu-and-zizo_en_page1.jpg
zibu-and-zizo,Zibu and Zizo,zibu-and-zizo_en_page2,zibu-and-zizo/ebook/en_english/images/zibu-and-zizo_en_page2.jpg,https://bookdash.org/book-source-files/?view-file=zibu-and-zizo/ebook/en_english/images/zibu-and-zizo_en_page2.jpg,/root/autodl-tmp/story-layout-quality/experiment/results/bookdash_stress/original_pages/zibu-and-zizo_zibu-and-zizo_en_page2.jpg
zibu-and-zizo,Zibu and Zizo,zibu-and-zizo_en_page3,zibu-and-zizo/ebook/en_english/images/zibu-and-zizo_en_page3.jpg,https://bookdash.org/book-source-files/?view-file=zibu-and-zizo/ebook/en_english/images/zibu-and-zizo_en_page3.jpg,/root/autodl-tmp/story-layout-quality/experiment/results/bookdash_stress/original_pages/zibu-and-zizo_zibu-and-zizo_en_page3.jpg
zibu-and-zizo,Zibu and Zizo,zibu-and-zizo_en_page4,zibu-and-zizo/ebook/en_english/images/zibu-and-zizo_en_page4.jpg,https://bookdash.org/book-source-files/?view-file=zibu-and-zizo/ebook/en_english/images/zibu-and-zizo_en_page4.jpg,/root/autodl-tmp/story-layout-quality/experiment/results/bookdash_stress/original_pages/zibu-and-zizo_zibu-and-zizo_en_page4.jpg
zibu-and-zizo,Zibu and Zizo,zibu-and-zizo_en_page5,zibu-and-zizo/ebook/en_english/images/zibu-and-zizo_en_page5.jpg,https://bookdash.org/book-source-files/?view-file=zibu-and-zizo/ebook/en_english/images/zibu-and-zizo_en_page5.jpg,/root/autodl-tmp/story-layout-quality/experiment/results/bookdash_stress/original_pages/zibu-and-zizo_zibu-and-zizo_en_page5.jpg
zibu-and-zizo,Zibu and Zizo,zibu-and-zizo_en_page6,zibu-and-zizo/ebook/en_english/images/zibu-and-zizo_en_page6.jpg,https://bookdash.org/book-source-files/?view-file=zibu-and-zizo/ebook/en_english/images/zibu-and-zizo_en_page6.jpg,/root/autodl-tmp/story-layout-quality/experiment/results/bookdash_stress/original_pages/zibu-and-zizo_zibu-and-zizo_en_page6.jpg
a-beautiful-day,A Beautiful Day,a-beautiful-day_en_page1,a-beautiful-day/ebook/en_english/images/a-beautiful-day_en_page1.jpg,https://bookdash.org/book-source-files/?view-file=a-beautiful-day/ebook/en_english/images/a-beautiful-day_en_page1.jpg,/root/autodl-tmp/story-layout-quality/experiment/results/bookdash_stress/original_pages/a-beautiful-day_a-beautiful-day_en_page1.jpg
a-beautiful-day,A Beautiful Day,a-beautiful-day_en_page2,a-beautiful-day/ebook/en_english/images/a-beautiful-day_en_page2.jpg,https://bookdash.org/book-source-files/?view-file=a-beautiful-day/ebook/en_english/images/a-beautiful-day_en_page2.jpg,/root/autodl-tmp/story-layout-quality/experiment/results/bookdash_stress/original_pages/a-beautiful-day_a-beautiful-day_en_page2.jpg
a-beautiful-day,A Beautiful Day,a-beautiful-day_en_page3,a-beautiful-day/ebook/en_english/images/a-beautiful-day_en_page3.jpg,https://bookdash.org/book-source-files/?view-file=a-beautiful-day/ebook/en_english/images/a-beautiful-day_en_page3.jpg,/root/autodl-tmp/story-layout-quality/experiment/results/bookdash_stress/original_pages/a-beautiful-day_a-beautiful-day_en_page3.jpg
a-beautiful-day,A Beautiful Day,a-beautiful-day_en_page4,a-beautiful-day/ebook/en_english/images/a-beautiful-day_en_page4.jpg,https://bookdash.org/book-source-files/?view-file=a-beautiful-day/ebook/en_english/images/a-beautiful-day_en_page4.jpg,/root/autodl-tmp/story-layout-quality/experiment/results/bookdash_stress/original_pages/a-beautiful-day_a-beautiful-day_en_page4.jpg
a-beautiful-day,A Beautiful Day,a-beautiful-day_en_page5,a-beautiful-day/ebook/en_english/images/a-beautiful-day_en_page5.jpg,https://bookdash.org/book-source-files/?view-file=a-beautiful-day/ebook/en_english/images/a-beautiful-day_en_page5.jpg,/root/autodl-tmp/story-layout-quality/experiment/results/bookdash_stress/original_pages/a-beautiful-day_a-beautiful-day_en_page5.jpg
a-beautiful-day,A Beautiful Day,a-beautiful-day_en_page6,a-beautiful-day/ebook/en_english/images/a-beautiful-day_en_page6.jpg,https://bookdash.org/book-source-files/?view-file=a-beautiful-day/ebook/en_english/images/a-beautiful-day_en_page6.jpg,/root/autodl-tmp/story-layout-quality/experiment/results/bookdash_stress/original_pages/a-beautiful-day_a-beautiful-day_en_page6.jpg
look-up,Look up!,look-up_en_page1,look-up/ebook/en_english/images/look-up_en_page1.jpg,https://bookdash.org/book-source-files/?view-file=look-up/ebook/en_english/images/look-up_en_page1.jpg,/root/autodl-tmp/story-layout-quality/experiment/results/bookdash_stress/original_pages/look-up_look-up_en_page1.jpg
look-up,Look up!,look-up_en_page2,look-up/ebook/en_english/images/look-up_en_page2.jpg,https://bookdash.org/book-source-files/?view-file=look-up/ebook/en_english/images/look-up_en_page2.jpg,/root/autodl-tmp/story-layout-quality/experiment/results/bookdash_stress/original_pages/look-up_look-up_en_page2.jpg
look-up,Look up!,look-up_en_page3,look-up/ebook/en_english/images/look-up_en_page3.jpg,https://bookdash.org/book-source-files/?view-file=look-up/ebook/en_english/images/look-up_en_page3.jpg,/root/autodl-tmp/story-layout-quality/experiment/results/bookdash_stress/original_pages/look-up_look-up_en_page3.jpg
look-up,Look up!,look-up_en_page4,look-up/ebook/en_english/images/look-up_en_page4.jpg,https://bookdash.org/book-source-files/?view-file=look-up/ebook/en_english/images/look-up_en_page4.jpg,/root/autodl-tmp/story-layout-quality/experiment/results/bookdash_stress/original_pages/look-up_look-up_en_page4.jpg
look-up,Look up!,look-up_en_page5,look-up/ebook/en_english/images/look-up_en_page5.jpg,https://bookdash.org/book-source-files/?view-file=look-up/ebook/en_english/images/look-up_en_page5.jpg,/root/autodl-tmp/story-layout-quality/experiment/results/bookdash_stress/original_pages/look-up_look-up_en_page5.jpg
look-up,Look up!,look-up_en_page6,look-up/ebook/en_english/images/look-up_en_page6.jpg,https://bookdash.org/book-source-files/?view-file=look-up/ebook/en_english/images/look-up_en_page6.jpg,/root/autodl-tmp/story-layout-quality/experiment/results/bookdash_stress/original_pages/look-up_look-up_en_page6.jpg
zanele-situ-my-story,Zanele Situ: My Story,zanele-situ-my-story_en_page1,zanele-situ-my-story/ebook/en_english/images/zanele-situ-my-story_en_page1.jpg,https://bookdash.org/book-source-files/?view-file=zanele-situ-my-story/ebook/en_english/images/zanele-situ-my-story_en_page1.jpg,/root/autodl-tmp/story-layout-quality/experiment/results/bookdash_stress/original_pages/zanele-situ-my-story_zanele-situ-my-story_en_page1.jpg
zanele-situ-my-story,Zanele Situ: My Story,zanele-situ-my-story_en_page2,zanele-situ-my-story/ebook/en_english/images/zanele-situ-my-story_en_page2.jpg,https://bookdash.org/book-source-files/?view-file=zanele-situ-my-story/ebook/en_english/images/zanele-situ-my-story_en_page2.jpg,/root/autodl-tmp/story-layout-quality/experiment/results/bookdash_stress/original_pages/zanele-situ-my-story_zanele-situ-my-story_en_page2.jpg
zanele-situ-my-story,Zanele Situ: My Story,zanele-situ-my-story_en_page3,zanele-situ-my-story/ebook/en_english/images/zanele-situ-my-story_en_page3.jpg,https://bookdash.org/book-source-files/?view-file=zanele-situ-my-story/ebook/en_english/images/zanele-situ-my-story_en_page3.jpg,/root/autodl-tmp/story-layout-quality/experiment/results/bookdash_stress/original_pages/zanele-situ-my-story_zanele-situ-my-story_en_page3.jpg
zanele-situ-my-story,Zanele Situ: My Story,zanele-situ-my-story_en_page4,zanele-situ-my-story/ebook/en_english/images/zanele-situ-my-story_en_page4.jpg,https://bookdash.org/book-source-files/?view-file=zanele-situ-my-story/ebook/en_english/images/zanele-situ-my-story_en_page4.jpg,/root/autodl-tmp/story-layout-quality/experiment/results/bookdash_stress/original_pages/zanele-situ-my-story_zanele-situ-my-story_en_page4.jpg
zanele-situ-my-story,Zanele Situ: My Story,zanele-situ-my-story_en_page5,zanele-situ-my-story/ebook/en_english/images/zanele-situ-my-story_en_page5.jpg,https://bookdash.org/book-source-files/?view-file=zanele-situ-my-story/ebook/en_english/images/zanele-situ-my-story_en_page5.jpg,/root/autodl-tmp/story-layout-quality/experiment/results/bookdash_stress/original_pages/zanele-situ-my-story_zanele-situ-my-story_en_page5.jpg
zanele-situ-my-story,Zanele Situ: My Story,zanele-situ-my-story_en_page6,zanele-situ-my-story/ebook/en_english/images/zanele-situ-my-story_en_page6.jpg,https://bookdash.org/book-source-files/?view-file=zanele-situ-my-story/ebook/en_english/images/zanele-situ-my-story_en_page6.jpg,/root/autodl-tmp/story-layout-quality/experiment/results/bookdash_stress/original_pages/zanele-situ-my-story_zanele-situ-my-story_en_page6.jpg
how-do-you-sleep,How do you sleep?,how-do-you-sleep_en_page1,how-do-you-sleep/ebook/en_english/images/how-do-you-sleep_en_page1.jpg,https://bookdash.org/book-source-files/?view-file=how-do-you-sleep/ebook/en_english/images/how-do-you-sleep_en_page1.jpg,/root/autodl-tmp/story-layout-quality/experiment/results/bookdash_stress/original_pages/how-do-you-sleep_how-do-you-sleep_en_page1.jpg
how-do-you-sleep,How do you sleep?,how-do-you-sleep_en_page2,how-do-you-sleep/ebook/en_english/images/how-do-you-sleep_en_page2.jpg,https://bookdash.org/book-source-files/?view-file=how-do-you-sleep/ebook/en_english/images/how-do-you-sleep_en_page2.jpg,/root/autodl-tmp/story-layout-quality/experiment/results/bookdash_stress/original_pages/how-do-you-sleep_how-do-you-sleep_en_page2.jpg
how-do-you-sleep,How do you sleep?,how-do-you-sleep_en_page3,how-do-you-sleep/ebook/en_english/images/how-do-you-sleep_en_page3.jpg,https://bookdash.org/book-source-files/?view-file=how-do-you-sleep/ebook/en_english/images/how-do-you-sleep_en_page3.jpg,/root/autodl-tmp/story-layout-quality/experiment/results/bookdash_stress/original_pages/how-do-you-sleep_how-do-you-sleep_en_page3.jpg
how-do-you-sleep,How do you sleep?,how-do-you-sleep_en_page4,how-do-you-sleep/ebook/en_english/images/how-do-you-sleep_en_page4.jpg,https://bookdash.org/book-source-files/?view-file=how-do-you-sleep/ebook/en_english/images/how-do-you-sleep_en_page4.jpg,/root/autodl-tmp/story-layout-quality/experiment/results/bookdash_stress/original_pages/how-do-you-sleep_how-do-you-sleep_en_page4.jpg
how-do-you-sleep,How do you sleep?,how-do-you-sleep_en_page5,how-do-you-sleep/ebook/en_english/images/how-do-you-sleep_en_page5.jpg,https://bookdash.org/book-source-files/?view-file=how-do-you-sleep/ebook/en_english/images/how-do-you-sleep_en_page5.jpg,/root/autodl-tmp/story-layout-quality/experiment/results/bookdash_stress/original_pages/how-do-you-sleep_how-do-you-sleep_en_page5.jpg
how-do-you-sleep,How do you sleep?,how-do-you-sleep_en_page6,how-do-you-sleep/ebook/en_english/images/how-do-you-sleep_en_page6.jpg,https://bookdash.org/book-source-files/?view-file=how-do-you-sleep/ebook/en_english/images/how-do-you-sleep_en_page6.jpg,/root/autodl-tmp/story-layout-quality/experiment/results/bookdash_stress/original_pages/how-do-you-sleep_how-do-you-sleep_en_page6.jpg
a-dancers-tale,A Dancer's Tale,a-dancers-tale_en_page1,a-dancers-tale/ebook/en_english/images/a-dancers-tale_en_page1.jpg,https://bookdash.org/book-source-files/?view-file=a-dancers-tale/ebook/en_english/images/a-dancers-tale_en_page1.jpg,/root/autodl-tmp/story-layout-quality/experiment/results/bookdash_stress/original_pages/a-dancers-tale_a-dancers-tale_en_page1.jpg
a-dancers-tale,A Dancer's Tale,a-dancers-tale_en_page2,a-dancers-tale/ebook/en_english/images/a-dancers-tale_en_page2.jpg,https://bookdash.org/book-source-files/?view-file=a-dancers-tale/ebook/en_english/images/a-dancers-tale_en_page2.jpg,/root/autodl-tmp/story-layout-quality/experiment/results/bookdash_stress/original_pages/a-dancers-tale_a-dancers-tale_en_page2.jpg
a-dancers-tale,A Dancer's Tale,a-dancers-tale_en_page3,a-dancers-tale/ebook/en_english/images/a-dancers-tale_en_page3.jpg,https://bookdash.org/book-source-files/?view-file=a-dancers-tale/ebook/en_english/images/a-dancers-tale_en_page3.jpg,/root/autodl-tmp/story-layout-quality/experiment/results/bookdash_stress/original_pages/a-dancers-tale_a-dancers-tale_en_page3.jpg
a-dancers-tale,A Dancer's Tale,a-dancers-tale_en_page4,a-dancers-tale/ebook/en_english/images/a-dancers-tale_en_page4.jpg,https://bookdash.org/book-source-files/?view-file=a-dancers-tale/ebook/en_english/images/a-dancers-tale_en_page4.jpg,/root/autodl-tmp/story-layout-quality/experiment/results/bookdash_stress/original_pages/a-dancers-tale_a-dancers-tale_en_page4.jpg
a-dancers-tale,A Dancer's Tale,a-dancers-tale_en_page5,a-dancers-tale/ebook/en_english/images/a-dancers-tale_en_page5.jpg,https://bookdash.org/book-source-files/?view-file=a-dancers-tale/ebook/en_english/images/a-dancers-tale_en_page5.jpg,/root/autodl-tmp/story-layout-quality/experiment/results/bookdash_stress/original_pages/a-dancers-tale_a-dancers-tale_en_page5.jpg
a-dancers-tale,A Dancer's Tale,a-dancers-tale_en_page6,a-dancers-tale/ebook/en_english/images/a-dancers-tale_en_page6.jpg,https://bookdash.org/book-source-files/?view-file=a-dancers-tale/ebook/en_english/images/a-dancers-tale_en_page6.jpg,/root/autodl-tmp/story-layout-quality/experiment/results/bookdash_stress/original_pages/a-dancers-tale_a-dancers-tale_en_page6.jpg
amazing-daisy,Amazing Daisy!,amazing-daisy-pdf-ebook_Page_01,amazing-daisy/ebook/en_english/images/amazing-daisy-pdf-ebook_Page_01.jpg,https://bookdash.org/book-source-files/?view-file=amazing-daisy/ebook/en_english/images/amazing-daisy-pdf-ebook_Page_01.jpg,/root/autodl-tmp/story-layout-quality/experiment/results/bookdash_stress/original_pages/amazing-daisy_amazing-daisy-pdf-ebook_Page_01.jpg
amazing-daisy,Amazing Daisy!,amazing-daisy-pdf-ebook_Page_02,amazing-daisy/ebook/en_english/images/amazing-daisy-pdf-ebook_Page_02.jpg,https://bookdash.org/book-source-files/?view-file=amazing-daisy/ebook/en_english/images/amazing-daisy-pdf-ebook_Page_02.jpg,/root/autodl-tmp/story-layout-quality/experiment/results/bookdash_stress/original_pages/amazing-daisy_amazing-daisy-pdf-ebook_Page_02.jpg
amazing-daisy,Amazing Daisy!,amazing-daisy-pdf-ebook_Page_03,amazing-daisy/ebook/en_english/images/amazing-daisy-pdf-ebook_Page_03.jpg,https://bookdash.org/book-source-files/?view-file=amazing-daisy/ebook/en_english/images/amazing-daisy-pdf-ebook_Page_03.jpg,/root/autodl-tmp/story-layout-quality/experiment/results/bookdash_stress/original_pages/amazing-daisy_amazing-daisy-pdf-ebook_Page_03.jpg
amazing-daisy,Amazing Daisy!,amazing-daisy-pdf-ebook_Page_04,amazing-daisy/ebook/en_english/images/amazing-daisy-pdf-ebook_Page_04.jpg,https://bookdash.org/book-source-files/?view-file=amazing-daisy/ebook/en_english/images/amazing-daisy-pdf-ebook_Page_04.jpg,/root/autodl-tmp/story-layout-quality/experiment/results/bookdash_stress/original_pages/amazing-daisy_amazing-daisy-pdf-ebook_Page_04.jpg
amazing-daisy,Amazing Daisy!,amazing-daisy-pdf-ebook_Page_05,amazing-daisy/ebook/en_english/images/amazing-daisy-pdf-ebook_Page_05.jpg,https://bookdash.org/book-source-files/?view-file=amazing-daisy/ebook/en_english/images/amazing-daisy-pdf-ebook_Page_05.jpg,/root/autodl-tmp/story-layout-quality/experiment/results/bookdash_stress/original_pages/amazing-daisy_amazing-daisy-pdf-ebook_Page_05.jpg
amazing-daisy,Amazing Daisy!,amazing-daisy-pdf-ebook_Page_06,amazing-daisy/ebook/en_english/images/amazing-daisy-pdf-ebook_Page_06.jpg,https://bookdash.org/book-source-files/?view-file=amazing-daisy/ebook/en_english/images/amazing-daisy-pdf-ebook_Page_06.jpg,/root/autodl-tmp/story-layout-quality/experiment/results/bookdash_stress/original_pages/amazing-daisy_amazing-daisy-pdf-ebook_Page_06.jpg
grandpas-gold,Grandpa's Gold,grandpas-gold-pdf-ebook-20150919_Page_01,grandpas-gold/ebook/en_english/images/grandpas-gold-pdf-ebook-20150919_Page_01.jpg,https://bookdash.org/book-source-files/?view-file=grandpas-gold/ebook/en_english/images/grandpas-gold-pdf-ebook-20150919_Page_01.jpg,/root/autodl-tmp/story-layout-quality/experiment/results/bookdash_stress/original_pages/grandpas-gold_grandpas-gold-pdf-ebook-20150919_Page_01.jpg
grandpas-gold,Grandpa's Gold,grandpas-gold-pdf-ebook-20150919_Page_02,grandpas-gold/ebook/en_english/images/grandpas-gold-pdf-ebook-20150919_Page_02.jpg,https://bookdash.org/book-source-files/?view-file=grandpas-gold/ebook/en_english/images/grandpas-gold-pdf-ebook-20150919_Page_02.jpg,/root/autodl-tmp/story-layout-quality/experiment/results/bookdash_stress/original_pages/grandpas-gold_grandpas-gold-pdf-ebook-20150919_Page_02.jpg
grandpas-gold,Grandpa's Gold,grandpas-gold-pdf-ebook-20150919_Page_03,grandpas-gold/ebook/en_english/images/grandpas-gold-pdf-ebook-20150919_Page_03.jpg,https://bookdash.org/book-source-files/?view-file=grandpas-gold/ebook/en_english/images/grandpas-gold-pdf-ebook-20150919_Page_03.jpg,/root/autodl-tmp/story-layout-quality/experiment/results/bookdash_stress/original_pages/grandpas-gold_grandpas-gold-pdf-ebook-20150919_Page_03.jpg
grandpas-gold,Grandpa's Gold,grandpas-gold-pdf-ebook-20150919_Page_04,grandpas-gold/ebook/en_english/images/grandpas-gold-pdf-ebook-20150919_Page_04.jpg,https://bookdash.org/book-source-files/?view-file=grandpas-gold/ebook/en_english/images/grandpas-gold-pdf-ebook-20150919_Page_04.jpg,/root/autodl-tmp/story-layout-quality/experiment/results/bookdash_stress/original_pages/grandpas-gold_grandpas-gold-pdf-ebook-20150919_Page_04.jpg
grandpas-gold,Grandpa's Gold,grandpas-gold-pdf-ebook-20150919_Page_05,grandpas-gold/ebook/en_english/images/grandpas-gold-pdf-ebook-20150919_Page_05.jpg,https://bookdash.org/book-source-files/?view-file=grandpas-gold/ebook/en_english/images/grandpas-gold-pdf-ebook-20150919_Page_05.jpg,/root/autodl-tmp/story-layout-quality/experiment/results/bookdash_stress/original_pages/grandpas-gold_grandpas-gold-pdf-ebook-20150919_Page_05.jpg
grandpas-gold,Grandpa's Gold,grandpas-gold-pdf-ebook-20150919_Page_06,grandpas-gold/ebook/en_english/images/grandpas-gold-pdf-ebook-20150919_Page_06.jpg,https://bookdash.org/book-source-files/?view-file=grandpas-gold/ebook/en_english/images/grandpas-gold-pdf-ebook-20150919_Page_06.jpg,/root/autodl-tmp/story-layout-quality/experiment/results/bookdash_stress/original_pages/grandpas-gold_grandpas-gold-pdf-ebook-20150919_Page_06.jpg
the-boy-who-only-ate-pancakes,The boy who only ate pancakes,the-boy-who-only-ate-pancakes_en_page1,the-boy-who-only-ate-pancakes/ebook/en_english/images/the-boy-who-only-ate-pancakes_en_page1.jpg,https://bookdash.org/book-source-files/?view-file=the-boy-who-only-ate-pancakes/ebook/en_english/images/the-boy-who-only-ate-pancakes_en_page1.jpg,/root/autodl-tmp/story-layout-quality/experiment/results/bookdash_stress/original_pages/the-boy-who-only-ate-pancakes_the-boy-who-only-ate-pancakes_en_page1.jpg
the-boy-who-only-ate-pancakes,The boy who only ate pancakes,the-boy-who-only-ate-pancakes_en_page2,the-boy-who-only-ate-pancakes/ebook/en_english/images/the-boy-who-only-ate-pancakes_en_page2.jpg,https://bookdash.org/book-source-files/?view-file=the-boy-who-only-ate-pancakes/ebook/en_english/images/the-boy-who-only-ate-pancakes_en_page2.jpg,/root/autodl-tmp/story-layout-quality/experiment/results/bookdash_stress/original_pages/the-boy-who-only-ate-pancakes_the-boy-who-only-ate-pancakes_en_page2.jpg
the-boy-who-only-ate-pancakes,The boy who only ate pancakes,the-boy-who-only-ate-pancakes_en_page3,the-boy-who-only-ate-pancakes/ebook/en_english/images/the-boy-who-only-ate-pancakes_en_page3.jpg,https://bookdash.org/book-source-files/?view-file=the-boy-who-only-ate-pancakes/ebook/en_english/images/the-boy-who-only-ate-pancakes_en_page3.jpg,/root/autodl-tmp/story-layout-quality/experiment/results/bookdash_stress/original_pages/the-boy-who-only-ate-pancakes_the-boy-who-only-ate-pancakes_en_page3.jpg
the-boy-who-only-ate-pancakes,The boy who only ate pancakes,the-boy-who-only-ate-pancakes_en_page4,the-boy-who-only-ate-pancakes/ebook/en_english/images/the-boy-who-only-ate-pancakes_en_page4.jpg,https://bookdash.org/book-source-files/?view-file=the-boy-who-only-ate-pancakes/ebook/en_english/images/the-boy-who-only-ate-pancakes_en_page4.jpg,/root/autodl-tmp/story-layout-quality/experiment/results/bookdash_stress/original_pages/the-boy-who-only-ate-pancakes_the-boy-who-only-ate-pancakes_en_page4.jpg
the-boy-who-only-ate-pancakes,The boy who only ate pancakes,the-boy-who-only-ate-pancakes_en_page5,the-boy-who-only-ate-pancakes/ebook/en_english/images/the-boy-who-only-ate-pancakes_en_page5.jpg,https://bookdash.org/book-source-files/?view-file=the-boy-who-only-ate-pancakes/ebook/en_english/images/the-boy-who-only-ate-pancakes_en_page5.jpg,/root/autodl-tmp/story-layout-quality/experiment/results/bookdash_stress/original_pages/the-boy-who-only-ate-pancakes_the-boy-who-only-ate-pancakes_en_page5.jpg
the-boy-who-only-ate-pancakes,The boy who only ate pancakes,the-boy-who-only-ate-pancakes_en_page6,the-boy-who-only-ate-pancakes/ebook/en_english/images/the-boy-who-only-ate-pancakes_en_page6.jpg,https://bookdash.org/book-source-files/?view-file=the-boy-who-only-ate-pancakes/ebook/en_english/images/the-boy-who-only-ate-pancakes_en_page6.jpg,/root/autodl-tmp/story-layout-quality/experiment/results/bookdash_stress/original_pages/the-boy-who-only-ate-pancakes_the-boy-who-only-ate-pancakes_en_page6.jpg
lets-go-on-a-litter-hunt,Let's go on a litter hunt,lets-go-on-a-litter-hunt_en_page1,lets-go-on-a-litter-hunt/ebook/en_english/images/lets-go-on-a-litter-hunt_en_page1.jpg,https://bookdash.org/book-source-files/?view-file=lets-go-on-a-litter-hunt/ebook/en_english/images/lets-go-on-a-litter-hunt_en_page1.jpg,/root/autodl-tmp/story-layout-quality/experiment/results/bookdash_stress/original_pages/lets-go-on-a-litter-hunt_lets-go-on-a-litter-hunt_en_page1.jpg
lets-go-on-a-litter-hunt,Let's go on a litter hunt,lets-go-on-a-litter-hunt_en_page2,lets-go-on-a-litter-hunt/ebook/en_english/images/lets-go-on-a-litter-hunt_en_page2.jpg,https://bookdash.org/book-source-files/?view-file=lets-go-on-a-litter-hunt/ebook/en_english/images/lets-go-on-a-litter-hunt_en_page2.jpg,/root/autodl-tmp/story-layout-quality/experiment/results/bookdash_stress/original_pages/lets-go-on-a-litter-hunt_lets-go-on-a-litter-hunt_en_page2.jpg
lets-go-on-a-litter-hunt,Let's go on a litter hunt,lets-go-on-a-litter-hunt_en_page3,lets-go-on-a-litter-hunt/ebook/en_english/images/lets-go-on-a-litter-hunt_en_page3.jpg,https://bookdash.org/book-source-files/?view-file=lets-go-on-a-litter-hunt/ebook/en_english/images/lets-go-on-a-litter-hunt_en_page3.jpg,/root/autodl-tmp/story-layout-quality/experiment/results/bookdash_stress/original_pages/lets-go-on-a-litter-hunt_lets-go-on-a-litter-hunt_en_page3.jpg
lets-go-on-a-litter-hunt,Let's go on a litter hunt,lets-go-on-a-litter-hunt_en_page4,lets-go-on-a-litter-hunt/ebook/en_english/images/lets-go-on-a-litter-hunt_en_page4.jpg,https://bookdash.org/book-source-files/?view-file=lets-go-on-a-litter-hunt/ebook/en_english/images/lets-go-on-a-litter-hunt_en_page4.jpg,/root/autodl-tmp/story-layout-quality/experiment/results/bookdash_stress/original_pages/lets-go-on-a-litter-hunt_lets-go-on-a-litter-hunt_en_page4.jpg
lets-go-on-a-litter-hunt,Let's go on a litter hunt,lets-go-on-a-litter-hunt_en_page5,lets-go-on-a-litter-hunt/ebook/en_english/images/lets-go-on-a-litter-hunt_en_page5.jpg,https://bookdash.org/book-source-files/?view-file=lets-go-on-a-litter-hunt/ebook/en_english/images/lets-go-on-a-litter-hunt_en_page5.jpg,/root/autodl-tmp/story-layout-quality/experiment/results/bookdash_stress/original_pages/lets-go-on-a-litter-hunt_lets-go-on-a-litter-hunt_en_page5.jpg
lets-go-on-a-litter-hunt,Let's go on a litter hunt,lets-go-on-a-litter-hunt_en_page6,lets-go-on-a-litter-hunt/ebook/en_english/images/lets-go-on-a-litter-hunt_en_page6.jpg,https://bookdash.org/book-source-files/?view-file=lets-go-on-a-litter-hunt/ebook/en_english/images/lets-go-on-a-litter-hunt_en_page6.jpg,/root/autodl-tmp/story-layout-quality/experiment/results/bookdash_stress/original_pages/lets-go-on-a-litter-hunt_lets-go-on-a-litter-hunt_en_page6.jpg
katiitis-song,Katiiti's Song,katiitis-song_en_page1,katiitis-song/ebook/en_english/images/katiitis-song_en_page1.jpg,https://bookdash.org/book-source-files/?view-file=katiitis-song/ebook/en_english/images/katiitis-song_en_page1.jpg,/root/autodl-tmp/story-layout-quality/experiment/results/bookdash_stress/original_pages/katiitis-song_katiitis-song_en_page1.jpg
katiitis-song,Katiiti's Song,katiitis-song_en_page2,katiitis-song/ebook/en_english/images/katiitis-song_en_page2.jpg,https://bookdash.org/book-source-files/?view-file=katiitis-song/ebook/en_english/images/katiitis-song_en_page2.jpg,/root/autodl-tmp/story-layout-quality/experiment/results/bookdash_stress/original_pages/katiitis-song_katiitis-song_en_page2.jpg
katiitis-song,Katiiti's Song,katiitis-song_en_page3,katiitis-song/ebook/en_english/images/katiitis-song_en_page3.jpg,https://bookdash.org/book-source-files/?view-file=katiitis-song/ebook/en_english/images/katiitis-song_en_page3.jpg,/root/autodl-tmp/story-layout-quality/experiment/results/bookdash_stress/original_pages/katiitis-song_katiitis-song_en_page3.jpg
katiitis-song,Katiiti's Song,katiitis-song_en_page4,katiitis-song/ebook/en_english/images/katiitis-song_en_page4.jpg,https://bookdash.org/book-source-files/?view-file=katiitis-song/ebook/en_english/images/katiitis-song_en_page4.jpg,/root/autodl-tmp/story-layout-quality/experiment/results/bookdash_stress/original_pages/katiitis-song_katiitis-song_en_page4.jpg
katiitis-song,Katiiti's Song,katiitis-song_en_page5,katiitis-song/ebook/en_english/images/katiitis-song_en_page5.jpg,https://bookdash.org/book-source-files/?view-file=katiitis-song/ebook/en_english/images/katiitis-song_en_page5.jpg,/root/autodl-tmp/story-layout-quality/experiment/results/bookdash_stress/original_pages/katiitis-song_katiitis-song_en_page5.jpg
katiitis-song,Katiiti's Song,katiitis-song_en_page6,katiitis-song/ebook/en_english/images/katiitis-song_en_page6.jpg,https://bookdash.org/book-source-files/?view-file=katiitis-song/ebook/en_english/images/katiitis-song_en_page6.jpg,/root/autodl-tmp/story-layout-quality/experiment/results/bookdash_stress/original_pages/katiitis-song_katiitis-song_en_page6.jpg
lets-be-friends,Let's be Friends,lets-be-friends_en_page1,lets-be-friends/ebook/en_english/images/lets-be-friends_en_page1.jpg,https://bookdash.org/book-source-files/?view-file=lets-be-friends/ebook/en_english/images/lets-be-friends_en_page1.jpg,/root/autodl-tmp/story-layout-quality/experiment/results/bookdash_stress/original_pages/lets-be-friends_lets-be-friends_en_page1.jpg
lets-be-friends,Let's be Friends,lets-be-friends_en_page2,lets-be-friends/ebook/en_english/images/lets-be-friends_en_page2.jpg,https://bookdash.org/book-source-files/?view-file=lets-be-friends/ebook/en_english/images/lets-be-friends_en_page2.jpg,/root/autodl-tmp/story-layout-quality/experiment/results/bookdash_stress/original_pages/lets-be-friends_lets-be-friends_en_page2.jpg
lets-be-friends,Let's be Friends,lets-be-friends_en_page3,lets-be-friends/ebook/en_english/images/lets-be-friends_en_page3.jpg,https://bookdash.org/book-source-files/?view-file=lets-be-friends/ebook/en_english/images/lets-be-friends_en_page3.jpg,/root/autodl-tmp/story-layout-quality/experiment/results/bookdash_stress/original_pages/lets-be-friends_lets-be-friends_en_page3.jpg
lets-be-friends,Let's be Friends,lets-be-friends_en_page4,lets-be-friends/ebook/en_english/images/lets-be-friends_en_page4.jpg,https://bookdash.org/book-source-files/?view-file=lets-be-friends/ebook/en_english/images/lets-be-friends_en_page4.jpg,/root/autodl-tmp/story-layout-quality/experiment/results/bookdash_stress/original_pages/lets-be-friends_lets-be-friends_en_page4.jpg
lets-be-friends,Let's be Friends,lets-be-friends_en_page5,lets-be-friends/ebook/en_english/images/lets-be-friends_en_page5.jpg,https://bookdash.org/book-source-files/?view-file=lets-be-friends/ebook/en_english/images/lets-be-friends_en_page5.jpg,/root/autodl-tmp/story-layout-quality/experiment/results/bookdash_stress/original_pages/lets-be-friends_lets-be-friends_en_page5.jpg
lets-be-friends,Let's be Friends,lets-be-friends_en_page6,lets-be-friends/ebook/en_english/images/lets-be-friends_en_page6.jpg,https://bookdash.org/book-source-files/?view-file=lets-be-friends/ebook/en_english/images/lets-be-friends_en_page6.jpg,/root/autodl-tmp/story-layout-quality/experiment/results/bookdash_stress/original_pages/lets-be-friends_lets-be-friends_en_page6.jpg
baby-babble,Baby Babble,baby-babble_en_page1,baby-babble/ebook/en_english/images/baby-babble_en_page1.jpg,https://bookdash.org/book-source-files/?view-file=baby-babble/ebook/en_english/images/baby-babble_en_page1.jpg,/root/autodl-tmp/story-layout-quality/experiment/results/bookdash_stress/original_pages/baby-babble_baby-babble_en_page1.jpg
baby-babble,Baby Babble,baby-babble_en_page2,baby-babble/ebook/en_english/images/baby-babble_en_page2.jpg,https://bookdash.org/book-source-files/?view-file=baby-babble/ebook/en_english/images/baby-babble_en_page2.jpg,/root/autodl-tmp/story-layout-quality/experiment/results/bookdash_stress/original_pages/baby-babble_baby-babble_en_page2.jpg
baby-babble,Baby Babble,baby-babble_en_page3,baby-babble/ebook/en_english/images/baby-babble_en_page3.jpg,https://bookdash.org/book-source-files/?view-file=baby-babble/ebook/en_english/images/baby-babble_en_page3.jpg,/root/autodl-tmp/story-layout-quality/experiment/results/bookdash_stress/original_pages/baby-babble_baby-babble_en_page3.jpg
baby-babble,Baby Babble,baby-babble_en_page4,baby-babble/ebook/en_english/images/baby-babble_en_page4.jpg,https://bookdash.org/book-source-files/?view-file=baby-babble/ebook/en_english/images/baby-babble_en_page4.jpg,/root/autodl-tmp/story-layout-quality/experiment/results/bookdash_stress/original_pages/baby-babble_baby-babble_en_page4.jpg
baby-babble,Baby Babble,baby-babble_en_page5,baby-babble/ebook/en_english/images/baby-babble_en_page5.jpg,https://bookdash.org/book-source-files/?view-file=baby-babble/ebook/en_english/images/baby-babble_en_page5.jpg,/root/autodl-tmp/story-layout-quality/experiment/results/bookdash_stress/original_pages/baby-babble_baby-babble_en_page5.jpg
baby-babble,Baby Babble,baby-babble_en_page6,baby-babble/ebook/en_english/images/baby-babble_en_page6.jpg,https://bookdash.org/book-source-files/?view-file=baby-babble/ebook/en_english/images/baby-babble_en_page6.jpg,/root/autodl-tmp/story-layout-quality/experiment/results/bookdash_stress/original_pages/baby-babble_baby-babble_en_page6.jpg
wheres-that-cat,Where's that cat?,wheres_that_cat_en_page1,wheres-that-cat/ebook/en_english/images/wheres_that_cat_en_page1.jpg,https://bookdash.org/book-source-files/?view-file=wheres-that-cat/ebook/en_english/images/wheres_that_cat_en_page1.jpg,/root/autodl-tmp/story-layout-quality/experiment/results/bookdash_stress/original_pages/wheres-that-cat_wheres_that_cat_en_page1.jpg
wheres-that-cat,Where's that cat?,wheres_that_cat_en_page2,wheres-that-cat/ebook/en_english/images/wheres_that_cat_en_page2.jpg,https://bookdash.org/book-source-files/?view-file=wheres-that-cat/ebook/en_english/images/wheres_that_cat_en_page2.jpg,/root/autodl-tmp/story-layout-quality/experiment/results/bookdash_stress/original_pages/wheres-that-cat_wheres_that_cat_en_page2.jpg
wheres-that-cat,Where's that cat?,wheres_that_cat_en_page3,wheres-that-cat/ebook/en_english/images/wheres_that_cat_en_page3.jpg,https://bookdash.org/book-source-files/?view-file=wheres-that-cat/ebook/en_english/images/wheres_that_cat_en_page3.jpg,/root/autodl-tmp/story-layout-quality/experiment/results/bookdash_stress/original_pages/wheres-that-cat_wheres_that_cat_en_page3.jpg
wheres-that-cat,Where's that cat?,wheres_that_cat_en_page4,wheres-that-cat/ebook/en_english/images/wheres_that_cat_en_page4.jpg,https://bookdash.org/book-source-files/?view-file=wheres-that-cat/ebook/en_english/images/wheres_that_cat_en_page4.jpg,/root/autodl-tmp/story-layout-quality/experiment/results/bookdash_stress/original_pages/wheres-that-cat_wheres_that_cat_en_page4.jpg
wheres-that-cat,Where's that cat?,wheres_that_cat_en_page5,wheres-that-cat/ebook/en_english/images/wheres_that_cat_en_page5.jpg,https://bookdash.org/book-source-files/?view-file=wheres-that-cat/ebook/en_english/images/wheres_that_cat_en_page5.jpg,/root/autodl-tmp/story-layout-quality/experiment/results/bookdash_stress/original_pages/wheres-that-cat_wheres_that_cat_en_page5.jpg
wheres-that-cat,Where's that cat?,wheres_that_cat_en_page6,wheres-that-cat/ebook/en_english/images/wheres_that_cat_en_page6.jpg,https://bookdash.org/book-source-files/?view-file=wheres-that-cat/ebook/en_english/images/wheres_that_cat_en_page6.jpg,/root/autodl-tmp/story-layout-quality/experiment/results/bookdash_stress/original_pages/wheres-that-cat_wheres_that_cat_en_page6.jpg
shongololo,Shongololo,shongololo_en_page1,shongololo/ebook/en_english/images/shongololo_en_page1.jpg,https://bookdash.org/book-source-files/?view-file=shongololo/ebook/en_english/images/shongololo_en_page1.jpg,/root/autodl-tmp/story-layout-quality/experiment/results/bookdash_stress/original_pages/shongololo_shongololo_en_page1.jpg
shongololo,Shongololo,shongololo_en_page2,shongololo/ebook/en_english/images/shongololo_en_page2.jpg,https://bookdash.org/book-source-files/?view-file=shongololo/ebook/en_english/images/shongololo_en_page2.jpg,/root/autodl-tmp/story-layout-quality/experiment/results/bookdash_stress/original_pages/shongololo_shongololo_en_page2.jpg
shongololo,Shongololo,shongololo_en_page3,shongololo/ebook/en_english/images/shongololo_en_page3.jpg,https://bookdash.org/book-source-files/?view-file=shongololo/ebook/en_english/images/shongololo_en_page3.jpg,/root/autodl-tmp/story-layout-quality/experiment/results/bookdash_stress/original_pages/shongololo_shongololo_en_page3.jpg
shongololo,Shongololo,shongololo_en_page4,shongololo/ebook/en_english/images/shongololo_en_page4.jpg,https://bookdash.org/book-source-files/?view-file=shongololo/ebook/en_english/images/shongololo_en_page4.jpg,/root/autodl-tmp/story-layout-quality/experiment/results/bookdash_stress/original_pages/shongololo_shongololo_en_page4.jpg
shongololo,Shongololo,shongololo_en_page5,shongololo/ebook/en_english/images/shongololo_en_page5.jpg,https://bookdash.org/book-source-files/?view-file=shongololo/ebook/en_english/images/shongololo_en_page5.jpg,/root/autodl-tmp/story-layout-quality/experiment/results/bookdash_stress/original_pages/shongololo_shongololo_en_page5.jpg
shongololo,Shongololo,shongololo_en_page6,shongololo/ebook/en_english/images/shongololo_en_page6.jpg,https://bookdash.org/book-source-files/?view-file=shongololo/ebook/en_english/images/shongololo_en_page6.jpg,/root/autodl-tmp/story-layout-quality/experiment/results/bookdash_stress/original_pages/shongololo_shongololo_en_page6.jpg
hello-baby,"Hello, baby!",hello-baby_page1,hello-baby/ebook/en_english/images/hello-baby_page1.jpg,https://bookdash.org/book-source-files/?view-file=hello-baby/ebook/en_english/images/hello-baby_page1.jpg,/root/autodl-tmp/story-layout-quality/experiment/results/bookdash_stress/original_pages/hello-baby_hello-baby_page1.jpg
hello-baby,"Hello, baby!",hello-baby_page2,hello-baby/ebook/en_english/images/hello-baby_page2.jpg,https://bookdash.org/book-source-files/?view-file=hello-baby/ebook/en_english/images/hello-baby_page2.jpg,/root/autodl-tmp/story-layout-quality/experiment/results/bookdash_stress/original_pages/hello-baby_hello-baby_page2.jpg
hello-baby,"Hello, baby!",hello-baby_page3,hello-baby/ebook/en_english/images/hello-baby_page3.jpg,https://bookdash.org/book-source-files/?view-file=hello-baby/ebook/en_english/images/hello-baby_page3.jpg,/root/autodl-tmp/story-layout-quality/experiment/results/bookdash_stress/original_pages/hello-baby_hello-baby_page3.jpg
hello-baby,"Hello, baby!",hello-baby_page4,hello-baby/ebook/en_english/images/hello-baby_page4.jpg,https://bookdash.org/book-source-files/?view-file=hello-baby/ebook/en_english/images/hello-baby_page4.jpg,/root/autodl-tmp/story-layout-quality/experiment/results/bookdash_stress/original_pages/hello-baby_hello-baby_page4.jpg
hello-baby,"Hello, baby!",hello-baby_page5,hello-baby/ebook/en_english/images/hello-baby_page5.jpg,https://bookdash.org/book-source-files/?view-file=hello-baby/ebook/en_english/images/hello-baby_page5.jpg,/root/autodl-tmp/story-layout-quality/experiment/results/bookdash_stress/original_pages/hello-baby_hello-baby_page5.jpg
hello-baby,"Hello, baby!",hello-baby_page6,hello-baby/ebook/en_english/images/hello-baby_page6.jpg,https://bookdash.org/book-source-files/?view-file=hello-baby/ebook/en_english/images/hello-baby_page6.jpg,/root/autodl-tmp/story-layout-quality/experiment/results/bookdash_stress/original_pages/hello-baby_hello-baby_page6.jpg
joannas-grannies,Joanna's Grannies,joannas-grannies_en_page1,joannas-grannies/ebook/en_english/images/joannas-grannies_en_page1.jpg,https://bookdash.org/book-source-files/?view-file=joannas-grannies/ebook/en_english/images/joannas-grannies_en_page1.jpg,/root/autodl-tmp/story-layout-quality/experiment/results/bookdash_stress/original_pages/joannas-grannies_joannas-grannies_en_page1.jpg
joannas-grannies,Joanna's Grannies,joannas-grannies_en_page2,joannas-grannies/ebook/en_english/images/joannas-grannies_en_page2.jpg,https://bookdash.org/book-source-files/?view-file=joannas-grannies/ebook/en_english/images/joannas-grannies_en_page2.jpg,/root/autodl-tmp/story-layout-quality/experiment/results/bookdash_stress/original_pages/joannas-grannies_joannas-grannies_en_page2.jpg
joannas-grannies,Joanna's Grannies,joannas-grannies_en_page3,joannas-grannies/ebook/en_english/images/joannas-grannies_en_page3.jpg,https://bookdash.org/book-source-files/?view-file=joannas-grannies/ebook/en_english/images/joannas-grannies_en_page3.jpg,/root/autodl-tmp/story-layout-quality/experiment/results/bookdash_stress/original_pages/joannas-grannies_joannas-grannies_en_page3.jpg
joannas-grannies,Joanna's Grannies,joannas-grannies_en_page4,joannas-grannies/ebook/en_english/images/joannas-grannies_en_page4.jpg,https://bookdash.org/book-source-files/?view-file=joannas-grannies/ebook/en_english/images/joannas-grannies_en_page4.jpg,/root/autodl-tmp/story-layout-quality/experiment/results/bookdash_stress/original_pages/joannas-grannies_joannas-grannies_en_page4.jpg
joannas-grannies,Joanna's Grannies,joannas-grannies_en_page5,joannas-grannies/ebook/en_english/images/joannas-grannies_en_page5.jpg,https://bookdash.org/book-source-files/?view-file=joannas-grannies/ebook/en_english/images/joannas-grannies_en_page5.jpg,/root/autodl-tmp/story-layout-quality/experiment/results/bookdash_stress/original_pages/joannas-grannies_joannas-grannies_en_page5.jpg
joannas-grannies,Joanna's Grannies,joannas-grannies_en_page6,joannas-grannies/ebook/en_english/images/joannas-grannies_en_page6.jpg,https://bookdash.org/book-source-files/?view-file=joannas-grannies/ebook/en_english/images/joannas-grannies_en_page6.jpg,/root/autodl-tmp/story-layout-quality/experiment/results/bookdash_stress/original_pages/joannas-grannies_joannas-grannies_en_page6.jpg
whose-shoe-is-this,Whose shoe is this?,whose-shoe-is-this_en_page1,whose-shoe-is-this/ebook/en_english/images/whose-shoe-is-this_en_page1.jpg,https://bookdash.org/book-source-files/?view-file=whose-shoe-is-this/ebook/en_english/images/whose-shoe-is-this_en_page1.jpg,/root/autodl-tmp/story-layout-quality/experiment/results/bookdash_stress/original_pages/whose-shoe-is-this_whose-shoe-is-this_en_page1.jpg
whose-shoe-is-this,Whose shoe is this?,whose-shoe-is-this_en_page2,whose-shoe-is-this/ebook/en_english/images/whose-shoe-is-this_en_page2.jpg,https://bookdash.org/book-source-files/?view-file=whose-shoe-is-this/ebook/en_english/images/whose-shoe-is-this_en_page2.jpg,/root/autodl-tmp/story-layout-quality/experiment/results/bookdash_stress/original_pages/whose-shoe-is-this_whose-shoe-is-this_en_page2.jpg
whose-shoe-is-this,Whose shoe is this?,whose-shoe-is-this_en_page3,whose-shoe-is-this/ebook/en_english/images/whose-shoe-is-this_en_page3.jpg,https://bookdash.org/book-source-files/?view-file=whose-shoe-is-this/ebook/en_english/images/whose-shoe-is-this_en_page3.jpg,/root/autodl-tmp/story-layout-quality/experiment/results/bookdash_stress/original_pages/whose-shoe-is-this_whose-shoe-is-this_en_page3.jpg
whose-shoe-is-this,Whose shoe is this?,whose-shoe-is-this_en_page4,whose-shoe-is-this/ebook/en_english/images/whose-shoe-is-this_en_page4.jpg,https://bookdash.org/book-source-files/?view-file=whose-shoe-is-this/ebook/en_english/images/whose-shoe-is-this_en_page4.jpg,/root/autodl-tmp/story-layout-quality/experiment/results/bookdash_stress/original_pages/whose-shoe-is-this_whose-shoe-is-this_en_page4.jpg
whose-shoe-is-this,Whose shoe is this?,whose-shoe-is-this_en_page5,whose-shoe-is-this/ebook/en_english/images/whose-shoe-is-this_en_page5.jpg,https://bookdash.org/book-source-files/?view-file=whose-shoe-is-this/ebook/en_english/images/whose-shoe-is-this_en_page5.jpg,/root/autodl-tmp/story-layout-quality/experiment/results/bookdash_stress/original_pages/whose-shoe-is-this_whose-shoe-is-this_en_page5.jpg
whose-shoe-is-this,Whose shoe is this?,whose-shoe-is-this_en_page6,whose-shoe-is-this/ebook/en_english/images/whose-shoe-is-this_en_page6.jpg,https://bookdash.org/book-source-files/?view-file=whose-shoe-is-this/ebook/en_english/images/whose-shoe-is-this_en_page6.jpg,/root/autodl-tmp/story-layout-quality/experiment/results/bookdash_stress/original_pages/whose-shoe-is-this_whose-shoe-is-this_en_page6.jpg
amahle-wants-to-help,Amahle wants to help!,amahle-wants-to-help_en_page1,amahle-wants-to-help/ebook/en_english/images/amahle-wants-to-help_en_page1.jpg,https://bookdash.org/book-source-files/?view-file=amahle-wants-to-help/ebook/en_english/images/amahle-wants-to-help_en_page1.jpg,/root/autodl-tmp/story-layout-quality/experiment/results/bookdash_stress/original_pages/amahle-wants-to-help_amahle-wants-to-help_en_page1.jpg
amahle-wants-to-help,Amahle wants to help!,amahle-wants-to-help_en_page2,amahle-wants-to-help/ebook/en_english/images/amahle-wants-to-help_en_page2.jpg,https://bookdash.org/book-source-files/?view-file=amahle-wants-to-help/ebook/en_english/images/amahle-wants-to-help_en_page2.jpg,/root/autodl-tmp/story-layout-quality/experiment/results/bookdash_stress/original_pages/amahle-wants-to-help_amahle-wants-to-help_en_page2.jpg
amahle-wants-to-help,Amahle wants to help!,amahle-wants-to-help_en_page3,amahle-wants-to-help/ebook/en_english/images/amahle-wants-to-help_en_page3.jpg,https://bookdash.org/book-source-files/?view-file=amahle-wants-to-help/ebook/en_english/images/amahle-wants-to-help_en_page3.jpg,/root/autodl-tmp/story-layout-quality/experiment/results/bookdash_stress/original_pages/amahle-wants-to-help_amahle-wants-to-help_en_page3.jpg
amahle-wants-to-help,Amahle wants to help!,amahle-wants-to-help_en_page4,amahle-wants-to-help/ebook/en_english/images/amahle-wants-to-help_en_page4.jpg,https://bookdash.org/book-source-files/?view-file=amahle-wants-to-help/ebook/en_english/images/amahle-wants-to-help_en_page4.jpg,/root/autodl-tmp/story-layout-quality/experiment/results/bookdash_stress/original_pages/amahle-wants-to-help_amahle-wants-to-help_en_page4.jpg
amahle-wants-to-help,Amahle wants to help!,amahle-wants-to-help_en_page5,amahle-wants-to-help/ebook/en_english/images/amahle-wants-to-help_en_page5.jpg,https://bookdash.org/book-source-files/?view-file=amahle-wants-to-help/ebook/en_english/images/amahle-wants-to-help_en_page5.jpg,/root/autodl-tmp/story-layout-quality/experiment/results/bookdash_stress/original_pages/amahle-wants-to-help_amahle-wants-to-help_en_page5.jpg
amahle-wants-to-help,Amahle wants to help!,amahle-wants-to-help_en_page6,amahle-wants-to-help/ebook/en_english/images/amahle-wants-to-help_en_page6.jpg,https://bookdash.org/book-source-files/?view-file=amahle-wants-to-help/ebook/en_english/images/amahle-wants-to-help_en_page6.jpg,/root/autodl-tmp/story-layout-quality/experiment/results/bookdash_stress/original_pages/amahle-wants-to-help_amahle-wants-to-help_en_page6.jpg
my-inside-weather,My inside weather,my-inside-weather_page1,my-inside-weather/ebook/en_english/images/my-inside-weather_page1.jpg,https://bookdash.org/book-source-files/?view-file=my-inside-weather/ebook/en_english/images/my-inside-weather_page1.jpg,/root/autodl-tmp/story-layout-quality/experiment/results/bookdash_stress/original_pages/my-inside-weather_my-inside-weather_page1.jpg
my-inside-weather,My inside weather,my-inside-weather_page2,my-inside-weather/ebook/en_english/images/my-inside-weather_page2.jpg,https://bookdash.org/book-source-files/?view-file=my-inside-weather/ebook/en_english/images/my-inside-weather_page2.jpg,/root/autodl-tmp/story-layout-quality/experiment/results/bookdash_stress/original_pages/my-inside-weather_my-inside-weather_page2.jpg
my-inside-weather,My inside weather,my-inside-weather_page3,my-inside-weather/ebook/en_english/images/my-inside-weather_page3.jpg,https://bookdash.org/book-source-files/?view-file=my-inside-weather/ebook/en_english/images/my-inside-weather_page3.jpg,/root/autodl-tmp/story-layout-quality/experiment/results/bookdash_stress/original_pages/my-inside-weather_my-inside-weather_page3.jpg
my-inside-weather,My inside weather,my-inside-weather_page4,my-inside-weather/ebook/en_english/images/my-inside-weather_page4.jpg,https://bookdash.org/book-source-files/?view-file=my-inside-weather/ebook/en_english/images/my-inside-weather_page4.jpg,/root/autodl-tmp/story-layout-quality/experiment/results/bookdash_stress/original_pages/my-inside-weather_my-inside-weather_page4.jpg
my-inside-weather,My inside weather,my-inside-weather_page5,my-inside-weather/ebook/en_english/images/my-inside-weather_page5.jpg,https://bookdash.org/book-source-files/?view-file=my-inside-weather/ebook/en_english/images/my-inside-weather_page5.jpg,/root/autodl-tmp/story-layout-quality/experiment/results/bookdash_stress/original_pages/my-inside-weather_my-inside-weather_page5.jpg
my-inside-weather,My inside weather,my-inside-weather_page6,my-inside-weather/ebook/en_english/images/my-inside-weather_page6.jpg,https://bookdash.org/book-source-files/?view-file=my-inside-weather/ebook/en_english/images/my-inside-weather_page6.jpg,/root/autodl-tmp/story-layout-quality/experiment/results/bookdash_stress/original_pages/my-inside-weather_my-inside-weather_page6.jpg
open-the-door,Open the door,open-the-door_en_page1,open-the-door/ebook/en_english/images/open-the-door_en_page1.jpg,https://bookdash.org/book-source-files/?view-file=open-the-door/ebook/en_english/images/open-the-door_en_page1.jpg,/root/autodl-tmp/story-layout-quality/experiment/results/bookdash_stress/original_pages/open-the-door_open-the-door_en_page1.jpg
open-the-door,Open the door,open-the-door_en_page2,open-the-door/ebook/en_english/images/open-the-door_en_page2.jpg,https://bookdash.org/book-source-files/?view-file=open-the-door/ebook/en_english/images/open-the-door_en_page2.jpg,/root/autodl-tmp/story-layout-quality/experiment/results/bookdash_stress/original_pages/open-the-door_open-the-door_en_page2.jpg
open-the-door,Open the door,open-the-door_en_page3,open-the-door/ebook/en_english/images/open-the-door_en_page3.jpg,https://bookdash.org/book-source-files/?view-file=open-the-door/ebook/en_english/images/open-the-door_en_page3.jpg,/root/autodl-tmp/story-layout-quality/experiment/results/bookdash_stress/original_pages/open-the-door_open-the-door_en_page3.jpg
open-the-door,Open the door,open-the-door_en_page4,open-the-door/ebook/en_english/images/open-the-door_en_page4.jpg,https://bookdash.org/book-source-files/?view-file=open-the-door/ebook/en_english/images/open-the-door_en_page4.jpg,/root/autodl-tmp/story-layout-quality/experiment/results/bookdash_stress/original_pages/open-the-door_open-the-door_en_page4.jpg
open-the-door,Open the door,open-the-door_en_page5,open-the-door/ebook/en_english/images/open-the-door_en_page5.jpg,https://bookdash.org/book-source-files/?view-file=open-the-door/ebook/en_english/images/open-the-door_en_page5.jpg,/root/autodl-tmp/story-layout-quality/experiment/results/bookdash_stress/original_pages/open-the-door_open-the-door_en_page5.jpg
open-the-door,Open the door,open-the-door_en_page6,open-the-door/ebook/en_english/images/open-the-door_en_page6.jpg,https://bookdash.org/book-source-files/?view-file=open-the-door/ebook/en_english/images/open-the-door_en_page6.jpg,/root/autodl-tmp/story-layout-quality/experiment/results/bookdash_stress/original_pages/open-the-door_open-the-door_en_page6.jpg
hugs-in-the-city,Hugs in the City,hugs-in-the-city_english_page1,hugs-in-the-city/ebook/en_english/images/hugs-in-the-city_english_page1.jpg,https://bookdash.org/book-source-files/?view-file=hugs-in-the-city/ebook/en_english/images/hugs-in-the-city_english_page1.jpg,/root/autodl-tmp/story-layout-quality/experiment/results/bookdash_stress/original_pages/hugs-in-the-city_hugs-in-the-city_english_page1.jpg
hugs-in-the-city,Hugs in the City,hugs-in-the-city_english_page2,hugs-in-the-city/ebook/en_english/images/hugs-in-the-city_english_page2.jpg,https://bookdash.org/book-source-files/?view-file=hugs-in-the-city/ebook/en_english/images/hugs-in-the-city_english_page2.jpg,/root/autodl-tmp/story-layout-quality/experiment/results/bookdash_stress/original_pages/hugs-in-the-city_hugs-in-the-city_english_page2.jpg
hugs-in-the-city,Hugs in the City,hugs-in-the-city_english_page3,hugs-in-the-city/ebook/en_english/images/hugs-in-the-city_english_page3.jpg,https://bookdash.org/book-source-files/?view-file=hugs-in-the-city/ebook/en_english/images/hugs-in-the-city_english_page3.jpg,/root/autodl-tmp/story-layout-quality/experiment/results/bookdash_stress/original_pages/hugs-in-the-city_hugs-in-the-city_english_page3.jpg
hugs-in-the-city,Hugs in the City,hugs-in-the-city_english_page4,hugs-in-the-city/ebook/en_english/images/hugs-in-the-city_english_page4.jpg,https://bookdash.org/book-source-files/?view-file=hugs-in-the-city/ebook/en_english/images/hugs-in-the-city_english_page4.jpg,/root/autodl-tmp/story-layout-quality/experiment/results/bookdash_stress/original_pages/hugs-in-the-city_hugs-in-the-city_english_page4.jpg
hugs-in-the-city,Hugs in the City,hugs-in-the-city_english_page5,hugs-in-the-city/ebook/en_english/images/hugs-in-the-city_english_page5.jpg,https://bookdash.org/book-source-files/?view-file=hugs-in-the-city/ebook/en_english/images/hugs-in-the-city_english_page5.jpg,/root/autodl-tmp/story-layout-quality/experiment/results/bookdash_stress/original_pages/hugs-in-the-city_hugs-in-the-city_english_page5.jpg
hugs-in-the-city,Hugs in the City,hugs-in-the-city_english_page6,hugs-in-the-city/ebook/en_english/images/hugs-in-the-city_english_page6.jpg,https://bookdash.org/book-source-files/?view-file=hugs-in-the-city/ebook/en_english/images/hugs-in-the-city_english_page6.jpg,/root/autodl-tmp/story-layout-quality/experiment/results/bookdash_stress/original_pages/hugs-in-the-city_hugs-in-the-city_english_page6.jpg
catch-that-cat,Catch That Cat!,catch-that-cat_en_page1,catch-that-cat/ebook/en_english/images/catch-that-cat_en_page1.jpg,https://bookdash.org/book-source-files/?view-file=catch-that-cat/ebook/en_english/images/catch-that-cat_en_page1.jpg,/root/autodl-tmp/story-layout-quality/experiment/results/bookdash_stress/original_pages/catch-that-cat_catch-that-cat_en_page1.jpg
catch-that-cat,Catch That Cat!,catch-that-cat_en_page2,catch-that-cat/ebook/en_english/images/catch-that-cat_en_page2.jpg,https://bookdash.org/book-source-files/?view-file=catch-that-cat/ebook/en_english/images/catch-that-cat_en_page2.jpg,/root/autodl-tmp/story-layout-quality/experiment/results/bookdash_stress/original_pages/catch-that-cat_catch-that-cat_en_page2.jpg
catch-that-cat,Catch That Cat!,catch-that-cat_en_page3,catch-that-cat/ebook/en_english/images/catch-that-cat_en_page3.jpg,https://bookdash.org/book-source-files/?view-file=catch-that-cat/ebook/en_english/images/catch-that-cat_en_page3.jpg,/root/autodl-tmp/story-layout-quality/experiment/results/bookdash_stress/original_pages/catch-that-cat_catch-that-cat_en_page3.jpg
catch-that-cat,Catch That Cat!,catch-that-cat_en_page4,catch-that-cat/ebook/en_english/images/catch-that-cat_en_page4.jpg,https://bookdash.org/book-source-files/?view-file=catch-that-cat/ebook/en_english/images/catch-that-cat_en_page4.jpg,/root/autodl-tmp/story-layout-quality/experiment/results/bookdash_stress/original_pages/catch-that-cat_catch-that-cat_en_page4.jpg
catch-that-cat,Catch That Cat!,catch-that-cat_en_page5,catch-that-cat/ebook/en_english/images/catch-that-cat_en_page5.jpg,https://bookdash.org/book-source-files/?view-file=catch-that-cat/ebook/en_english/images/catch-that-cat_en_page5.jpg,/root/autodl-tmp/story-layout-quality/experiment/results/bookdash_stress/original_pages/catch-that-cat_catch-that-cat_en_page5.jpg
catch-that-cat,Catch That Cat!,catch-that-cat_en_page6,catch-that-cat/ebook/en_english/images/catch-that-cat_en_page6.jpg,https://bookdash.org/book-source-files/?view-file=catch-that-cat/ebook/en_english/images/catch-that-cat_en_page6.jpg,/root/autodl-tmp/story-layout-quality/experiment/results/bookdash_stress/original_pages/catch-that-cat_catch-that-cat_en_page6.jpg
the-one-in-the-middle,The one in the middle,the-one-in-the-middle_en_20231110_page1,the-one-in-the-middle/ebook/en_english/images/the-one-in-the-middle_en_20231110_page1.jpg,https://bookdash.org/book-source-files/?view-file=the-one-in-the-middle/ebook/en_english/images/the-one-in-the-middle_en_20231110_page1.jpg,/root/autodl-tmp/story-layout-quality/experiment/results/bookdash_stress/original_pages/the-one-in-the-middle_the-one-in-the-middle_en_20231110_page1.jpg
the-one-in-the-middle,The one in the middle,the-one-in-the-middle_en_20231110_page2,the-one-in-the-middle/ebook/en_english/images/the-one-in-the-middle_en_20231110_page2.jpg,https://bookdash.org/book-source-files/?view-file=the-one-in-the-middle/ebook/en_english/images/the-one-in-the-middle_en_20231110_page2.jpg,/root/autodl-tmp/story-layout-quality/experiment/results/bookdash_stress/original_pages/the-one-in-the-middle_the-one-in-the-middle_en_20231110_page2.jpg
the-one-in-the-middle,The one in the middle,the-one-in-the-middle_en_20231110_page3,the-one-in-the-middle/ebook/en_english/images/the-one-in-the-middle_en_20231110_page3.jpg,https://bookdash.org/book-source-files/?view-file=the-one-in-the-middle/ebook/en_english/images/the-one-in-the-middle_en_20231110_page3.jpg,/root/autodl-tmp/story-layout-quality/experiment/results/bookdash_stress/original_pages/the-one-in-the-middle_the-one-in-the-middle_en_20231110_page3.jpg
the-one-in-the-middle,The one in the middle,the-one-in-the-middle_en_20231110_page4,the-one-in-the-middle/ebook/en_english/images/the-one-in-the-middle_en_20231110_page4.jpg,https://bookdash.org/book-source-files/?view-file=the-one-in-the-middle/ebook/en_english/images/the-one-in-the-middle_en_20231110_page4.jpg,/root/autodl-tmp/story-layout-quality/experiment/results/bookdash_stress/original_pages/the-one-in-the-middle_the-one-in-the-middle_en_20231110_page4.jpg
the-one-in-the-middle,The one in the middle,the-one-in-the-middle_en_20231110_page5,the-one-in-the-middle/ebook/en_english/images/the-one-in-the-middle_en_20231110_page5.jpg,https://bookdash.org/book-source-files/?view-file=the-one-in-the-middle/ebook/en_english/images/the-one-in-the-middle_en_20231110_page5.jpg,/root/autodl-tmp/story-layout-quality/experiment/results/bookdash_stress/original_pages/the-one-in-the-middle_the-one-in-the-middle_en_20231110_page5.jpg
the-one-in-the-middle,The one in the middle,the-one-in-the-middle_en_20231110_page6,the-one-in-the-middle/ebook/en_english/images/the-one-in-the-middle_en_20231110_page6.jpg,https://bookdash.org/book-source-files/?view-file=the-one-in-the-middle/ebook/en_english/images/the-one-in-the-middle_en_20231110_page6.jpg,/root/autodl-tmp/story-layout-quality/experiment/results/bookdash_stress/original_pages/the-one-in-the-middle_the-one-in-the-middle_en_20231110_page6.jpg
how-to-tame-a-monster,How to Tame a Monster,how-to-tame-a-monster_en_page1,how-to-tame-a-monster/ebook/en_english/images/how-to-tame-a-monster_en_page1.jpg,https://bookdash.org/book-source-files/?view-file=how-to-tame-a-monster/ebook/en_english/images/how-to-tame-a-monster_en_page1.jpg,/root/autodl-tmp/story-layout-quality/experiment/results/bookdash_stress/original_pages/how-to-tame-a-monster_how-to-tame-a-monster_en_page1.jpg
how-to-tame-a-monster,How to Tame a Monster,how-to-tame-a-monster_en_page2,how-to-tame-a-monster/ebook/en_english/images/how-to-tame-a-monster_en_page2.jpg,https://bookdash.org/book-source-files/?view-file=how-to-tame-a-monster/ebook/en_english/images/how-to-tame-a-monster_en_page2.jpg,/root/autodl-tmp/story-layout-quality/experiment/results/bookdash_stress/original_pages/how-to-tame-a-monster_how-to-tame-a-monster_en_page2.jpg
how-to-tame-a-monster,How to Tame a Monster,how-to-tame-a-monster_en_page3,how-to-tame-a-monster/ebook/en_english/images/how-to-tame-a-monster_en_page3.jpg,https://bookdash.org/book-source-files/?view-file=how-to-tame-a-monster/ebook/en_english/images/how-to-tame-a-monster_en_page3.jpg,/root/autodl-tmp/story-layout-quality/experiment/results/bookdash_stress/original_pages/how-to-tame-a-monster_how-to-tame-a-monster_en_page3.jpg
how-to-tame-a-monster,How to Tame a Monster,how-to-tame-a-monster_en_page4,how-to-tame-a-monster/ebook/en_english/images/how-to-tame-a-monster_en_page4.jpg,https://bookdash.org/book-source-files/?view-file=how-to-tame-a-monster/ebook/en_english/images/how-to-tame-a-monster_en_page4.jpg,/root/autodl-tmp/story-layout-quality/experiment/results/bookdash_stress/original_pages/how-to-tame-a-monster_how-to-tame-a-monster_en_page4.jpg
how-to-tame-a-monster,How to Tame a Monster,how-to-tame-a-monster_en_page5,how-to-tame-a-monster/ebook/en_english/images/how-to-tame-a-monster_en_page5.jpg,https://bookdash.org/book-source-files/?view-file=how-to-tame-a-monster/ebook/en_english/images/how-to-tame-a-monster_en_page5.jpg,/root/autodl-tmp/story-layout-quality/experiment/results/bookdash_stress/original_pages/how-to-tame-a-monster_how-to-tame-a-monster_en_page5.jpg
how-to-tame-a-monster,How to Tame a Monster,how-to-tame-a-monster_en_page6,how-to-tame-a-monster/ebook/en_english/images/how-to-tame-a-monster_en_page6.jpg,https://bookdash.org/book-source-files/?view-file=how-to-tame-a-monster/ebook/en_english/images/how-to-tame-a-monster_en_page6.jpg,/root/autodl-tmp/story-layout-quality/experiment/results/bookdash_stress/original_pages/how-to-tame-a-monster_how-to-tame-a-monster_en_page6.jpg
dance-khuzwayo-dance,"Dance, Khuzwayo, dance!",dance-khuzwayo-dance_en_page1,dance-khuzwayo-dance/ebook/en_english/images/dance-khuzwayo-dance_en_page1.jpg,https://bookdash.org/book-source-files/?view-file=dance-khuzwayo-dance/ebook/en_english/images/dance-khuzwayo-dance_en_page1.jpg,/root/autodl-tmp/story-layout-quality/experiment/results/bookdash_stress/original_pages/dance-khuzwayo-dance_dance-khuzwayo-dance_en_page1.jpg
dance-khuzwayo-dance,"Dance, Khuzwayo, dance!",dance-khuzwayo-dance_en_page2,dance-khuzwayo-dance/ebook/en_english/images/dance-khuzwayo-dance_en_page2.jpg,https://bookdash.org/book-source-files/?view-file=dance-khuzwayo-dance/ebook/en_english/images/dance-khuzwayo-dance_en_page2.jpg,/root/autodl-tmp/story-layout-quality/experiment/results/bookdash_stress/original_pages/dance-khuzwayo-dance_dance-khuzwayo-dance_en_page2.jpg
dance-khuzwayo-dance,"Dance, Khuzwayo, dance!",dance-khuzwayo-dance_en_page3,dance-khuzwayo-dance/ebook/en_english/images/dance-khuzwayo-dance_en_page3.jpg,https://bookdash.org/book-source-files/?view-file=dance-khuzwayo-dance/ebook/en_english/images/dance-khuzwayo-dance_en_page3.jpg,/root/autodl-tmp/story-layout-quality/experiment/results/bookdash_stress/original_pages/dance-khuzwayo-dance_dance-khuzwayo-dance_en_page3.jpg
dance-khuzwayo-dance,"Dance, Khuzwayo, dance!",dance-khuzwayo-dance_en_page4,dance-khuzwayo-dance/ebook/en_english/images/dance-khuzwayo-dance_en_page4.jpg,https://bookdash.org/book-source-files/?view-file=dance-khuzwayo-dance/ebook/en_english/images/dance-khuzwayo-dance_en_page4.jpg,/root/autodl-tmp/story-layout-quality/experiment/results/bookdash_stress/original_pages/dance-khuzwayo-dance_dance-khuzwayo-dance_en_page4.jpg
dance-khuzwayo-dance,"Dance, Khuzwayo, dance!",dance-khuzwayo-dance_en_page5,dance-khuzwayo-dance/ebook/en_english/images/dance-khuzwayo-dance_en_page5.jpg,https://bookdash.org/book-source-files/?view-file=dance-khuzwayo-dance/ebook/en_english/images/dance-khuzwayo-dance_en_page5.jpg,/root/autodl-tmp/story-layout-quality/experiment/results/bookdash_stress/original_pages/dance-khuzwayo-dance_dance-khuzwayo-dance_en_page5.jpg
dance-khuzwayo-dance,"Dance, Khuzwayo, dance!",dance-khuzwayo-dance_en_page6,dance-khuzwayo-dance/ebook/en_english/images/dance-khuzwayo-dance_en_page6.jpg,https://bookdash.org/book-source-files/?view-file=dance-khuzwayo-dance/ebook/en_english/images/dance-khuzwayo-dance_en_page6.jpg,/root/autodl-tmp/story-layout-quality/experiment/results/bookdash_stress/original_pages/dance-khuzwayo-dance_dance-khuzwayo-dance_en_page6.jpg
whats-next,What's next?,whats-next_en_page1,whats-next/ebook/en_english/images/whats-next_en_page1.jpg,https://bookdash.org/book-source-files/?view-file=whats-next/ebook/en_english/images/whats-next_en_page1.jpg,/root/autodl-tmp/story-layout-quality/experiment/results/bookdash_stress/original_pages/whats-next_whats-next_en_page1.jpg
whats-next,What's next?,whats-next_en_page2,whats-next/ebook/en_english/images/whats-next_en_page2.jpg,https://bookdash.org/book-source-files/?view-file=whats-next/ebook/en_english/images/whats-next_en_page2.jpg,/root/autodl-tmp/story-layout-quality/experiment/results/bookdash_stress/original_pages/whats-next_whats-next_en_page2.jpg
whats-next,What's next?,whats-next_en_page3,whats-next/ebook/en_english/images/whats-next_en_page3.jpg,https://bookdash.org/book-source-files/?view-file=whats-next/ebook/en_english/images/whats-next_en_page3.jpg,/root/autodl-tmp/story-layout-quality/experiment/results/bookdash_stress/original_pages/whats-next_whats-next_en_page3.jpg
whats-next,What's next?,whats-next_en_page4,whats-next/ebook/en_english/images/whats-next_en_page4.jpg,https://bookdash.org/book-source-files/?view-file=whats-next/ebook/en_english/images/whats-next_en_page4.jpg,/root/autodl-tmp/story-layout-quality/experiment/results/bookdash_stress/original_pages/whats-next_whats-next_en_page4.jpg
whats-next,What's next?,whats-next_en_page5,whats-next/ebook/en_english/images/whats-next_en_page5.jpg,https://bookdash.org/book-source-files/?view-file=whats-next/ebook/en_english/images/whats-next_en_page5.jpg,/root/autodl-tmp/story-layout-quality/experiment/results/bookdash_stress/original_pages/whats-next_whats-next_en_page5.jpg
whats-next,What's next?,whats-next_en_page6,whats-next/ebook/en_english/images/whats-next_en_page6.jpg,https://bookdash.org/book-source-files/?view-file=whats-next/ebook/en_english/images/whats-next_en_page6.jpg,/root/autodl-tmp/story-layout-quality/experiment/results/bookdash_stress/original_pages/whats-next_whats-next_en_page6.jpg
whos-that-baby,Who's that baby?,whos-that-baby_en_page1,whos-that-baby/ebook/en_english/images/whos-that-baby_en_page1.jpg,https://bookdash.org/book-source-files/?view-file=whos-that-baby/ebook/en_english/images/whos-that-baby_en_page1.jpg,/root/autodl-tmp/story-layout-quality/experiment/results/bookdash_stress/original_pages/whos-that-baby_whos-that-baby_en_page1.jpg
whos-that-baby,Who's that baby?,whos-that-baby_en_page2,whos-that-baby/ebook/en_english/images/whos-that-baby_en_page2.jpg,https://bookdash.org/book-source-files/?view-file=whos-that-baby/ebook/en_english/images/whos-that-baby_en_page2.jpg,/root/autodl-tmp/story-layout-quality/experiment/results/bookdash_stress/original_pages/whos-that-baby_whos-that-baby_en_page2.jpg
whos-that-baby,Who's that baby?,whos-that-baby_en_page3,whos-that-baby/ebook/en_english/images/whos-that-baby_en_page3.jpg,https://bookdash.org/book-source-files/?view-file=whos-that-baby/ebook/en_english/images/whos-that-baby_en_page3.jpg,/root/autodl-tmp/story-layout-quality/experiment/results/bookdash_stress/original_pages/whos-that-baby_whos-that-baby_en_page3.jpg
whos-that-baby,Who's that baby?,whos-that-baby_en_page4,whos-that-baby/ebook/en_english/images/whos-that-baby_en_page4.jpg,https://bookdash.org/book-source-files/?view-file=whos-that-baby/ebook/en_english/images/whos-that-baby_en_page4.jpg,/root/autodl-tmp/story-layout-quality/experiment/results/bookdash_stress/original_pages/whos-that-baby_whos-that-baby_en_page4.jpg
whos-that-baby,Who's that baby?,whos-that-baby_en_page5,whos-that-baby/ebook/en_english/images/whos-that-baby_en_page5.jpg,https://bookdash.org/book-source-files/?view-file=whos-that-baby/ebook/en_english/images/whos-that-baby_en_page5.jpg,/root/autodl-tmp/story-layout-quality/experiment/results/bookdash_stress/original_pages/whos-that-baby_whos-that-baby_en_page5.jpg
whos-that-baby,Who's that baby?,whos-that-baby_en_page6,whos-that-baby/ebook/en_english/images/whos-that-baby_en_page6.jpg,https://bookdash.org/book-source-files/?view-file=whos-that-baby/ebook/en_english/images/whos-that-baby_en_page6.jpg,/root/autodl-tmp/story-layout-quality/experiment/results/bookdash_stress/original_pages/whos-that-baby_whos-that-baby_en_page6.jpg
meerkat-magic,Meerkat magic,meerkat-magic_en_page1,meerkat-magic/ebook/en_english/images/meerkat-magic_en_page1.jpg,https://bookdash.org/book-source-files/?view-file=meerkat-magic/ebook/en_english/images/meerkat-magic_en_page1.jpg,/root/autodl-tmp/story-layout-quality/experiment/results/bookdash_stress/original_pages/meerkat-magic_meerkat-magic_en_page1.jpg
meerkat-magic,Meerkat magic,meerkat-magic_en_page2,meerkat-magic/ebook/en_english/images/meerkat-magic_en_page2.jpg,https://bookdash.org/book-source-files/?view-file=meerkat-magic/ebook/en_english/images/meerkat-magic_en_page2.jpg,/root/autodl-tmp/story-layout-quality/experiment/results/bookdash_stress/original_pages/meerkat-magic_meerkat-magic_en_page2.jpg
meerkat-magic,Meerkat magic,meerkat-magic_en_page3,meerkat-magic/ebook/en_english/images/meerkat-magic_en_page3.jpg,https://bookdash.org/book-source-files/?view-file=meerkat-magic/ebook/en_english/images/meerkat-magic_en_page3.jpg,/root/autodl-tmp/story-layout-quality/experiment/results/bookdash_stress/original_pages/meerkat-magic_meerkat-magic_en_page3.jpg
meerkat-magic,Meerkat magic,meerkat-magic_en_page4,meerkat-magic/ebook/en_english/images/meerkat-magic_en_page4.jpg,https://bookdash.org/book-source-files/?view-file=meerkat-magic/ebook/en_english/images/meerkat-magic_en_page4.jpg,/root/autodl-tmp/story-layout-quality/experiment/results/bookdash_stress/original_pages/meerkat-magic_meerkat-magic_en_page4.jpg
meerkat-magic,Meerkat magic,meerkat-magic_en_page5,meerkat-magic/ebook/en_english/images/meerkat-magic_en_page5.jpg,https://bookdash.org/book-source-files/?view-file=meerkat-magic/ebook/en_english/images/meerkat-magic_en_page5.jpg,/root/autodl-tmp/story-layout-quality/experiment/results/bookdash_stress/original_pages/meerkat-magic_meerkat-magic_en_page5.jpg
meerkat-magic,Meerkat magic,meerkat-magic_en_page6,meerkat-magic/ebook/en_english/images/meerkat-magic_en_page6.jpg,https://bookdash.org/book-source-files/?view-file=meerkat-magic/ebook/en_english/images/meerkat-magic_en_page6.jpg,/root/autodl-tmp/story-layout-quality/experiment/results/bookdash_stress/original_pages/meerkat-magic_meerkat-magic_en_page6.jpg
the-monster-must-go,The monster must go!,the-monster-must-go_en_page1,the-monster-must-go/ebook/en_english/images/the-monster-must-go_en_page1.jpg,https://bookdash.org/book-source-files/?view-file=the-monster-must-go/ebook/en_english/images/the-monster-must-go_en_page1.jpg,/root/autodl-tmp/story-layout-quality/experiment/results/bookdash_stress/original_pages/the-monster-must-go_the-monster-must-go_en_page1.jpg
the-monster-must-go,The monster must go!,the-monster-must-go_en_page2,the-monster-must-go/ebook/en_english/images/the-monster-must-go_en_page2.jpg,https://bookdash.org/book-source-files/?view-file=the-monster-must-go/ebook/en_english/images/the-monster-must-go_en_page2.jpg,/root/autodl-tmp/story-layout-quality/experiment/results/bookdash_stress/original_pages/the-monster-must-go_the-monster-must-go_en_page2.jpg
the-monster-must-go,The monster must go!,the-monster-must-go_en_page3,the-monster-must-go/ebook/en_english/images/the-monster-must-go_en_page3.jpg,https://bookdash.org/book-source-files/?view-file=the-monster-must-go/ebook/en_english/images/the-monster-must-go_en_page3.jpg,/root/autodl-tmp/story-layout-quality/experiment/results/bookdash_stress/original_pages/the-monster-must-go_the-monster-must-go_en_page3.jpg
the-monster-must-go,The monster must go!,the-monster-must-go_en_page4,the-monster-must-go/ebook/en_english/images/the-monster-must-go_en_page4.jpg,https://bookdash.org/book-source-files/?view-file=the-monster-must-go/ebook/en_english/images/the-monster-must-go_en_page4.jpg,/root/autodl-tmp/story-layout-quality/experiment/results/bookdash_stress/original_pages/the-monster-must-go_the-monster-must-go_en_page4.jpg
the-monster-must-go,The monster must go!,the-monster-must-go_en_page5,the-monster-must-go/ebook/en_english/images/the-monster-must-go_en_page5.jpg,https://bookdash.org/book-source-files/?view-file=the-monster-must-go/ebook/en_english/images/the-monster-must-go_en_page5.jpg,/root/autodl-tmp/story-layout-quality/experiment/results/bookdash_stress/original_pages/the-monster-must-go_the-monster-must-go_en_page5.jpg
the-monster-must-go,The monster must go!,the-monster-must-go_en_page6,the-monster-must-go/ebook/en_english/images/the-monster-must-go_en_page6.jpg,https://bookdash.org/book-source-files/?view-file=the-monster-must-go/ebook/en_english/images/the-monster-must-go_en_page6.jpg,/root/autodl-tmp/story-layout-quality/experiment/results/bookdash_stress/original_pages/the-monster-must-go_the-monster-must-go_en_page6.jpg
